,gene,propensity,confidence
0,b0306,8.0,6.768115942028985
1,b0307,12.0,6.4375
2,b2033,7.0,6.5625
3,b2032,19.0,6.982248520710058
4,b4166,12.0,6.3406593406593394
5,b0521,10.0,6.708333333333332
6,b1773,9.0,6.446153846153848
7,b1870,6.0,7.672727272727273
8,b1871,9.0,7.0256410256410255
9,b2256,7.0,6.3023255813953485
10,b3803,6.0,6.365384615384616
11,b2467,6.0,7.779661016949151
12,b0968,1.0,7.916666666666668
13,b1463,9.0,6.388059701492537
14,b0736,5.0,7.314814814814817
15,b3826,10.0,6.684931506849315
16,b0822,12.0,6.5555555555555545
17,b0825,9.0,5.971014492753622
18,G0-10624,,
19,b3380,9.0,6.628205128205129
20,b2373,8.0,5.666666666666668
21,b2174,8.0,7.717241379310344
22,b3493,19.0,5.47027027027027
23,b4073,11.0,7.701421800947868
24,b0871,3.0,5.0
25,b3543,12.0,6.586956521739131
26,b4288,13.0,7.2896174863387975
27,b2148,11.0,7.358565737051793
28,b2836,9.0,5.0
29,b2423,10.0,7.962962962962963
30,b3542,12.0,7.621951219512195
31,b0612,0.0,0.0
32,b0979,14.0,6.529411764705883
33,b4138,19.0,6.964980544747082
34,b1801,17.0,5.0
35,b3199,7.0,7.102941176470589
36,b4123,16.0,7.042553191489363
37,b0698,16.0,5.585106382978723
38,b2277,21.0,5.0
39,b0978,12.0,5.0
40,b2492,8.0,7.7434554973821985
41,b0575,0.0,0.0
42,b2156,17.0,5.0
43,b2307,9.0,7.397590361445782
44,b3089,17.0,6.878151260504201
45,b0697,13.0,5.0
46,b3496,22.0,5.0
47,b0696,4.0,7.6818181818181825
48,b1859,11.0,6.97948717948718
49,b0260,16.0,6.8014705882352935
50,b3722,21.0,5.0
51,b1475,8.0,6.905405405405406
52,b4544,5.0,7.8522727272727275
53,b3258,18.0,5.0
54,b3093,14.0,5.0
55,b1476,5.0,6.3269230769230775
56,b2841,17.0,5.0
57,b0904,11.0,5.515873015873016
58,b0914,18.0,5.5369127516778525
59,b1252,2.0,5.580645161290324
60,b4476,15.0,5.0
61,b2224,3.0,5.0
62,b3196,14.0,5.0
63,b4136,17.0,5.0
64,b2393,12.0,5.0
65,b1855,3.0,5.333333333333333
66,b0047,18.0,5.459770114942528
67,b3568,14.0,5.0
68,b3599,13.0,5.0
69,b3127,0.0,0.0
70,b2170,18.0,5.0
71,b2587,15.0,5.0
72,b0067,15.0,5.0
73,b4460,13.0,5.566037735849056
74,b3161,15.0,5.0
75,b0886,9.0,5.0
76,b2378,5.0,5.0
77,b0590,7.0,5.0
78,b1453,19.0,5.0
79,b3502,16.0,5.0
80,b0862,9.0,5.452830188679246
81,b4152,4.0,5.511111111111113
82,b0087,16.0,5.0
83,b0752,8.0,5.329545454545454
84,b0343,6.0,5.0
85,b0861,9.0,5.504504504504506
86,b4086,14.0,5.0
87,b0841,8.0,5.426666666666668
88,b4151,3.0,5.56
89,b2470,0.0,0.0
90,b2987,17.0,5.0
91,b0621,13.0,5.0
92,b3603,20.0,5.0
93,b0810,8.0,5.566371681415927
94,b0433,14.0,5.0
95,b0589,10.0,5.0
96,b0090,0.0,0.0
97,b0842,11.0,5.0
98,b4289,9.0,5.0
99,b1981,15.0,5.0
100,b0856,13.0,5.0
101,b3370,17.0,5.0
102,b2241,4.0,5.0
103,b0857,11.0,5.503759398496243
104,b3577,7.0,5.636363636363638
105,b2037,18.0,5.0
106,b1193,4.0,5.7
107,b2094,4.0,5.617647058823528
108,b2242,1.0,5.0
109,b3578,15.0,5.0
110,b2167,12.0,5.544642857142856
111,b3654,15.0,5.0
112,b2243,4.0,5.0
113,b3290,8.0,5.0
114,b2308,6.0,5.5049504950495045
115,b0591,0.0,0.0
116,b0654,8.0,5.475247524752477
117,b2678,13.0,5.476190476190476
118,b4240,11.0,5.0
119,b2092,0.0,0.0
120,b1363,20.0,5.0
121,b0653,7.0,5.5
122,b1186,2.0,5.0
123,b3849,16.0,5.0
124,b1528,17.0,5.0
125,b4160,8.0,5.48
126,b3747,20.0,5.0
127,b3927,10.0,5.524271844660194
128,b2497,19.0,5.0
129,b3457,13.0,5.526315789473684
130,b2406,15.0,5.0
131,b4115,16.0,5.0
132,b0153,0.0,0.0
133,b0657,9.0,5.0
134,b0112,20.0,5.0
135,b4130,19.0,5.0
136,b0511,14.0,5.44385026737968
137,b3456,5.0,5.0
138,b1054,2.0,5.7727272727272725
139,b0679,19.0,5.468085106382978
140,b0418,4.0,5.622222222222222
141,b1278,7.0,5.34375
142,b2715,14.0,5.0
143,b1677,1.0,5.666666666666668
144,b1912,7.0,5.521739130434782
145,b2240,10.0,5.0
146,b3224,16.0,5.0
147,b1227,10.0,5.588235294117646
148,b4031,17.0,5.0
149,b4208,22.0,5.0
150,b3793,20.0,5.0
151,b0576,18.0,5.0
152,b0813,12.0,5.528846153846153
153,b1223,17.0,5.0
154,b1711,10.0,5.0
155,b0974,10.0,5.4
156,b0731,13.0,5.0
157,b2585,6.0,5.0
158,b0198,10.0,5.086021505376344
159,b4077,18.0,5.0
160,b1465,10.0,5.604395604395603
161,b3726,12.0,5.5
162,b3653,12.0,5.0
163,b3415,0.0,0.0
164,b2199,10.0,5.495238095238094
165,b0733,0.0,0.0
166,b4230,13.0,5.0
167,b1599,4.0,5.0
168,b2200,4.0,5.0
169,b3727,11.0,5.0
170,b0751,9.0,5.510948905109488
171,b0734,16.0,5.0
172,b1600,4.0,5.549019607843137
173,b3907,9.0,5.0
174,b4242,19.0,5.0
175,b3816,5.0,5.361111111111111
176,b2995,13.0,5.0
177,b0875,9.0,5.538461538461538
178,b2392,15.0,5.0
179,b4033,10.0,5.0
180,b4265,16.0,5.0
181,b1485,9.0,5.346153846153847
182,b4032,10.0,5.0
183,b2723,20.0,5.0
184,b1101,13.0,5.0
185,b4132,18.0,5.0
186,b0019,17.0,5.510989010989012
187,b1486,14.0,5.633802816901407
188,b3892,8.0,5.457446808510637
189,b2722,9.0,5.446808510638298
190,b0463,9.0,5.60655737704918
191,b0934,10.0,5.5052631578947375
192,b0572,2.0,5.0
193,b0341,10.0,5.0
194,b3893,4.0,5.724137931034483
195,b2963,5.0,5.0
196,b3367,10.0,5.450980392156863
197,b3528,20.0,5.0
198,b2720,1.0,5.0
199,b2796,0.0,0.0
200,b0432,8.0,5.443037974683543
201,b0353,8.0,5.0
202,b0462,0.0,0.0
203,b1605,16.0,5.0
204,b3116,19.0,5.0
205,b0431,26.0,5.0
206,b3469,3.0,5.0
207,b0595,4.0,5.357142857142857
208,b0887,0.0,0.0
209,b0430,8.0,5.494623655913979
210,b2536,19.0,5.0
211,b3679,18.0,5.0
212,b4321,18.0,5.0
213,b3477,10.0,5.504587155963303
214,b0583,6.0,5.114285714285714
215,b0429,5.0,5.546875
216,b1006,13.0,5.0
217,b4042,4.0,5.4423076923076925
218,b3734,5.0,5.0
219,b3823,9.0,5.0
220,b3478,10.0,5.505376344086021
221,b2943,15.0,5.0
222,b0594,7.0,5.0
223,b0428,12.0,5.615384615384616
224,b3824,9.0,5.56701030927835
225,b0915,4.0,5.0
226,b3738,8.0,5.465116279069767
227,b1817,7.0,5.526315789473684
228,b4356,16.0,5.0
229,b0723,4.0,5.525
230,b0586,0.0,0.0
231,b1818,11.0,5.603174603174603
232,b2128,8.0,5.0
233,b3731,1.0,5.625
234,b1819,6.0,5.5396825396825395
235,b0724,3.0,5.4444444444444455
236,b0007,16.0,5.0
237,b0175,11.0,5.333333333333333
238,b1492,18.0,5.0
239,b2130,11.0,5.0
240,b3732,6.0,5.0
241,b1469,1.0,5.0
242,b0721,6.0,5.507462686567163
243,b2964,17.0,5.0
244,b3737,2.0,5.7894736842105265
245,b2288,5.0,5.5
246,b0722,4.0,5.529411764705882
247,b1015,18.0,5.0
248,b3909,9.0,5.0
249,b2801,0.0,0.0
250,b3736,3.0,5.5
251,b1206,17.0,5.520833333333332
252,b3266,0.0,0.0
253,b3733,4.0,5.595238095238094
254,b2482,23.0,5.0
255,b3063,19.0,5.0
256,b1907,13.0,5.0
257,b3915,7.0,5.536082474226804
258,b2282,11.0,5.0
259,b3735,4.0,5.48
260,b0945,2.0,5.0
261,b2280,9.0,5.615384615384616
262,b3739,7.0,5.369230769230769
263,b2279,3.0,5.695652173913044
264,b0040,20.0,5.0
265,b1250,14.0,5.0
266,b0996,4.0,5.0
267,b2882,19.0,5.0
268,b0957,5.0,5.575
269,b3691,14.0,5.0
270,b2278,26.0,5.477815699658702
271,b0336,18.0,5.0
272,b4040,10.0,5.4774774774774775
273,b3666,13.0,5.0
274,b2276,19.0,5.0
275,b1069,18.0,5.0
276,b0709,3.0,5.0
277,b1216,15.0,5.0
278,b3452,14.0,5.5555555555555545
279,b3409,23.0,5.335
280,b4120,15.0,6.961165048543688
281,b3006,7.0,7.390476190476191
282,b1603,16.0,6.587209302325581
283,b0070,17.0,7.1401515151515165
284,b1634,20.0,6.956678700361012
285,b1249,16.0,6.825301204819278
286,b1602,17.0,6.9771689497716896
287,b2975,20.0,6.513513513513512
288,b0124,15.0,6.47741935483871
289,b2133,12.0,6.556603773584905
290,b2663,14.0,7.214035087719298
291,b1296,16.0,6.919298245614035
292,b1442,11.0,7.0604395604395584
293,b2483,9.0,7.569948186528497
294,b0894,13.0,6.592920353982301
295,b3451,8.0,7.185567010309278
296,b1443,12.0,6.565789473684211
297,b2484,18.0,6.993957703927492
298,b0484,18.0,6.883838383838384
299,b4231,14.0,6.650224215246638
300,b2258,5.0,7.752688172043011
301,b3350,21.0,7.435810810810809
302,b3930,7.0,7.988571428571428
303,b0895,3.0,6.848484848484849
304,b2485,7.0,7.6644295302013425
305,b0311,9.0,5.865671641791044
306,b3709,18.0,6.5221238938053085
307,b3750,14.0,6.331360946745563
308,b0451,15.0,6.72972972972973
309,b4041,28.0,6.3417721518987324
310,b0896,10.0,7.4655172413793105
311,b2486,20.0,6.885448916408667
312,b4111,13.0,5.0
313,b1244,12.0,7.427835051546392
314,b2789,12.0,6.450216450216451
315,b0367,11.0,7.134228187919463
316,b1245,5.0,7.737179487179486
317,b0764,11.0,7.539007092198582
318,b1473,13.0,7.34433962264151
319,b1125,10.0,7.354066985645933
320,b4067,14.0,5.594470046082949
321,b0401,18.0,6.992337164750958
322,b3057,9.0,7.8277777777777775
323,b1124,10.0,7.651162790697675
324,b0832,7.0,7.335483870967742
325,b3622,11.0,7.149425287356322
326,b3792,14.0,7.016260162601626
327,b4262,13.0,7.06
328,b2198,1.0,7.757575757575758
329,b0314,22.0,5.56640625
330,b3018,8.0,6.75
331,b3785,5.0,7.016666666666668
332,b4072,5.0,6.1739130434782625
333,b0692,14.0,6.497872340425532
334,b2424,9.0,7.3888888888888875
335,b4392,10.0,5.945945945945946
336,b3182,14.0,6.68503937007874
337,b2010,9.0,6.7402597402597415
338,b3729,19.0,6.633333333333334
339,b0091,10.0,5.828571428571428
340,b0149,6.0,5.0
341,b0088,8.0,6.5
342,b0085,8.0,5.634615384615384
343,b0635,8.0,5.0
344,b0086,10.0,6.6716417910447765
345,b1192,13.0,6.598039215686272
346,b0031,7.0,7.203389830508474
347,b2036,11.0,6.125
348,b2813,8.0,6.424242424242424
349,b2817,11.0,6.371134020618558
350,b0524,10.0,6.795180722891566
351,b3730,4.0,5.0
352,b2519,4.0,5.0
353,b0084,12.0,5.395348837209302
354,b0381,2.0,5.0
355,b0092,7.0,6.0961538461538485
356,b1326,9.0,6.769230769230767
357,b3967,8.0,6.636363636363638
358,b3972,6.0,5.795454545454546
359,b1329,10.0,5.3888888888888875
360,b3189,9.0,5.671232876712327
361,b3176,10.0,6.328571428571428
362,b4169,14.0,6.56
363,b0110,9.0,6.350877192982456
364,b2134,7.0,6.8955223880597005
365,b2701,8.0,5.509433962264152
366,b2328,3.0,5.684210526315789
367,b3396,6.0,5.0
368,b4233,3.0,5.0
369,b1243,4.0,5.0
370,b2435,8.0,5.4363636363636365
371,b1246,2.0,5.0
372,b1247,5.0,5.0
373,b3625,6.0,5.2444444444444445
374,b3624,11.0,5.373493975903615
375,b3784,12.0,5.0
376,b3631,2.0,5.0
377,b3633,2.0,5.0
378,b3630,5.0,5.25
379,b3621,2.0,5.0
380,b3632,6.0,5.568181818181818
381,b2048,5.0,5.0
382,b2040,6.0,5.574468085106383
383,b2039,4.0,5.68
384,b2041,4.0,5.0
385,b2038,3.0,5.7
386,b2035,21.0,5.0
387,b2053,3.0,5.0
388,b2052,5.0,5.225806451612904
389,b3629,6.0,5.5777777777777775
390,b3786,7.0,5.0
391,b4481,5.0,5.0
392,b3787,3.0,5.0
393,b3628,5.0,5.0
394,b3788,4.0,5.0
395,b3789,7.0,5.5625
396,b3627,7.0,5.0
397,b3790,1.0,5.416666666666668
398,b3791,5.0,5.0
399,b0181,3.0,5.590909090909091
400,b3620,3.0,5.0
401,b3626,6.0,5.0
402,b0182,1.0,5.0
403,b3794,3.0,5.5
404,b2027,6.0,5.537037037037037
405,b2028,4.0,5.0
406,b0096,1.0,5.0
407,b0179,14.0,6.191304347826088
408,b0759,11.0,6.316455696202532
409,b3623,14.0,6.682170542635659
410,b1922,3.0,7.5
411,b3305,5.0,6.16326530612245
412,b4200,4.0,6.730769230769233
413,b4203,5.0,7.578947368421053
414,b3341,4.0,7.2666666666666675
415,b3985,3.0,6.333333333333332
416,b3306,4.0,7.117647058823527
417,b3230,2.0,6.928571428571429
418,b3983,4.0,6.972972972972973
419,b1717,1.0,8.25
420,b3321,3.0,6.857142857142858
421,b3986,3.0,6.90625
422,b3297,4.0,6.92
423,b3299,1.0,7.7142857142857135
424,b3186,4.0,5.862068965517241
425,b3231,3.0,7.25
426,b3342,3.0,6.7142857142857135
427,b3185,1.0,8.555555555555555
428,b3310,6.0,6.755555555555557
429,b3298,2.0,8.0
430,b3301,1.0,7.857142857142858
431,b3307,2.0,5.454545454545454
432,b4161,6.0,6.9491525423728815
433,b3313,3.0,6.363636363636362
434,b3165,3.0,7.4
435,b3294,3.0,6.0
436,b2609,3.0,6.8
437,b3304,3.0,5.9444444444444455
438,b3311,2.0,7.823529411764706
439,b2606,3.0,7.166666666666668
440,b4202,0.0,0.0
441,b1716,3.0,7.352941176470589
442,b3316,2.0,7.411764705882352
443,b3315,5.0,7.03030303030303
444,b0023,2.0,5.642857142857142
445,b3318,4.0,7.1111111111111125
446,b3065,0.0,0.0
447,b3309,3.0,6.814814814814817
448,b2608,4.0,6.689655172413793
449,b2185,1.0,8.166666666666666
450,b3637,1.0,6.625
451,b3312,0.0,0.0
452,b3302,1.0,8.11111111111111
453,b1480,0.0,0.0
454,b3936,0.0,0.0
455,b1089,1.0,6.125
456,b3636,1.0,5.666666666666668
457,b3703,0.0,0.0
458,b3984,8.0,6.456140350877192
459,b3317,3.0,8.0
460,b0911,3.0,5.0
461,b2784,6.0,5.0
462,b3320,2.0,5.181818181818182
463,b0169,4.0,5.5555555555555545
464,b3314,3.0,5.5
465,b3319,4.0,5.592592592592593
466,b3296,2.0,5.5625
467,b3308,2.0,5.8125
468,b3303,2.0,5.882352941176473
469,b2049,3.0,5.0
470,b1236,6.0,5.604166666666668
471,b1613,2.0,5.0
472,b0758,0.0,0.0
473,b0757,5.0,5.35
474,b0123,2.0,5.0
475,b1524,5.0,5.6
476,b0837,3.0,5.0
477,b3034,2.0,5.615384615384616
478,b3397,4.0,5.791666666666668
479,b1033,5.0,5.0
480,b3946,2.0,5.363636363636363
481,b3665,9.0,5.428571428571429
482,b2871,8.0,6.333333333333332
483,b1378,0.0,0.0
484,b2146,10.0,5.913043478260869
485,b0452,8.0,5.836363636363636
486,b2690,1.0,5.2
487,b1059,9.0,6.580645161290323
488,b2251,6.0,6.761904761904763
489,b2147,11.0,6.5578947368421066
490,b0485,11.0,6.510416666666668
491,b2458,10.0,6.1265822784810124
492,b4384,7.0,6.19672131147541
493,b4192,10.0,6.546666666666668
494,b2150,10.0,6.7272727272727275
495,b3566,6.0,6.5423728813559325
496,b1800,11.0,6.5
497,b1395,16.0,6.503703703703704
498,b0062,8.0,6.1764705882352935
499,b0118,1.0,5.0
500,b4090,6.0,6.507692307692308
501,b0063,17.0,6.333333333333332
502,b3124,8.0,6.603174603174603
503,b3553,10.0,6.3125
504,b2935,12.0,6.21
505,b3125,9.0,7.287878787878787
506,b3091,11.0,6.613636363636362
507,b0061,10.0,6.675
508,b1397,7.0,6.5625
509,b3428,10.0,5.0
510,b2925,9.0,5.933333333333334
511,b4266,9.0,6.847058823529411
512,b3431,18.0,6.3819444444444455
513,b1525,9.0,6.521126760563378
514,b1901,12.0,6.30379746835443
515,b3567,17.0,6.485074626865671
516,b4267,7.0,6.391304347826088
517,b1398,9.0,6.054794520547945
518,b1900,9.0,6.2631578947368425
519,b3600,7.0,6.3461538461538485
520,b4084,9.0,6.3134328358208975
521,b1521,14.0,6.40566037735849
522,b2703,10.0,5.59375
523,b3137,9.0,6.092307692307693
524,b4085,8.0,6.919354838709677
525,b4322,7.0,6.454545454545454
526,b2704,6.0,6.536585365853658
527,b2169,4.0,5.48
528,b4478,1.0,5.6923076923076925
529,b2705,9.0,7.096774193548387
530,b0344,0.0,0.0
531,b2914,8.0,6.6875
532,b1927,5.0,5.0
533,b4087,9.0,5.0
534,b3575,8.0,6.753424657534247
535,b3092,2.0,5.0
536,b2702,6.0,7.595505617977527
537,b3126,9.0,6.457142857142857
538,b2417,5.0,6.794117647058822
539,b4069,8.0,5.0
540,b2093,2.0,5.9375
541,b0509,5.0,5.575
542,b2388,6.0,5.0
543,b2679,5.0,5.0
544,b3386,3.0,5.857142857142858
545,b2095,3.0,5.0
546,b2091,1.0,5.0
547,b3580,4.0,5.0
548,b4088,8.0,5.484375
549,b3916,5.0,5.529411764705882
550,b2538,5.0,5.0
551,b1723,1.0,5.0
552,b2096,4.0,5.37037037037037
553,b1199,3.0,5.285714285714286
554,b3519,0.0,0.0
555,b1200,4.0,5.0
556,b3565,3.0,5.0
557,b3583,2.0,5.166666666666667
558,b0116,0.0,0.0
559,b0114,9.0,5.0
560,b3564,3.0,5.0
561,b2539,3.0,5.3478260869565215
562,b0115,5.0,5.0
563,b0331,3.0,5.352941176470588
564,b2901,4.0,5.0
565,b0333,3.0,5.0
566,b0514,6.0,5.0
567,b2296,6.0,5.0
568,b0756,2.0,5.0
569,b0732,4.0,5.0
570,b0334,3.0,5.0
571,b0459,4.0,5.5
572,b3128,7.0,5.0
573,b2029,0.0,0.0
574,b1850,1.0,5.0
575,b0207,3.0,5.0
576,b3588,0.0,0.0
577,b4239,9.0,5.3559322033898304
578,b3526,7.0,5.319148936170213
579,b2415,1.0,5.7
580,b4035,2.0,5.0
581,b2416,5.0,5.0
582,b3571,3.0,5.0
583,b3417,4.0,5.0
584,b4477,5.0,5.290322580645161
585,b1415,3.0,5.0
586,b3371,12.0,5.307692307692308
587,b0688,2.0,5.0
588,b3416,3.0,5.0
589,b1621,16.0,5.0
590,b3612,3.0,5.0
591,b1622,1.0,5.0
592,b4474,2.0,5.0
593,b0403,5.0,5.0
594,b2800,5.0,5.514285714285713
595,b3374,4.0,5.4642857142857135
596,b2540,1.0,5.285714285714286
597,b2802,4.0,5.0
598,b2541,5.0,5.257142857142857
599,b2803,5.0,5.0
600,b4268,2.0,5.357142857142857
601,b3902,9.0,6.171875
602,b2542,8.0,5.554054054054054
603,b3903,1.0,5.0
604,b2799,2.0,5.0
605,b3904,5.0,5.0
606,b2132,5.0,5.0
607,b1387,4.0,5.0
608,b1388,1.0,5.526315789473684
609,b3693,1.0,5.666666666666668
610,b1389,1.0,5.5
611,b2465,4.0,5.0
612,b4358,4.0,5.0
613,b1734,4.0,5.0
614,b3236,8.0,5.343283582089552
615,b2976,6.0,5.0
616,b4119,1.0,5.0
617,b1390,2.0,5.071428571428571
618,b3012,4.0,5.217391304347826
619,b2429,12.0,5.0
620,b4196,4.0,5.413793103448278
621,b2787,4.0,5.0
622,b1391,3.0,5.625
623,b0186,6.0,5.0
624,b0394,5.0,5.447368421052633
625,b2788,3.0,5.0
626,b3749,3.0,5.0
627,b3751,6.0,5.384615384615384
628,b1392,6.0,5.0
629,b3132,2.0,5.0
630,b1852,4.0,5.0
631,b2297,11.0,5.0
632,b1198,3.0,5.0
633,b3748,3.0,6.043478260869565
634,b4323,3.0,5.0
635,b1393,7.0,5.2340425531914905
636,b3752,9.0,5.442622950819672
637,b1394,4.0,5.12
638,b2149,5.0,5.0
639,b3845,1.0,5.0
640,b3846,4.0,5.0
641,b2344,1.0,5.0
642,b1805,9.0,5.0
643,b2221,5.0,5.741935483870968
644,b2222,2.0,5.764705882352941
645,b0221,8.0,5.0
646,b0347,7.0,5.255813953488372
647,b0348,4.0,5.4
648,b0349,8.0,5.339622641509433
649,b0350,5.0,5.28125
650,b0351,4.0,5.230769230769232
651,b0352,6.0,5.333333333333333
652,b1701,8.0,5.35
653,b2341,0.0,0.0
654,b2342,3.0,5.0
655,b3617,4.0,5.0
656,b3541,5.0,5.0
657,b3540,2.0,5.0
658,b0828,3.0,5.235294117647058
659,b2797,4.0,5.0
660,b2306,6.0,5.744186046511628
661,b2905,2.0,5.0
662,b1744,1.0,5.0
663,b1745,2.0,5.0
664,b1746,0.0,0.0
665,b1747,1.0,5.0
666,b1748,2.0,5.0
667,b3454,4.0,5.448275862068965
668,b1386,5.0,5.0
669,b3455,6.0,5.604651162790698
670,b3544,4.0,5.0
671,b0903,6.0,5.0
672,b2366,3.0,5.0
673,b2551,0.0,0.0
674,b3744,1.0,5.8
675,b0674,3.0,5.0
676,b3117,3.0,5.0
677,b0928,1.0,5.0
678,b3616,5.0,5.529411764705882
679,b1189,1.0,5.0
680,b1190,1.0,5.0
681,b1814,3.0,5.0
682,b1014,0.0,0.0
683,b2903,9.0,5.0
684,b4471,5.0,5.0
685,b1291,3.0,5.0
686,b3114,7.0,5.0
687,b1767,4.0,5.0
688,b2957,5.0,5.0
689,b3708,13.0,6.30188679245283
690,b3939,10.0,6.258064516129032
691,b2904,4.0,6.12
692,b1385,13.0,6.193548387096772
693,b0854,10.0,6.675
694,b0855,13.0,5.972727272727273
695,b2441,11.0,6.5176470588235285
696,b2440,7.0,6.7894736842105265
697,b0368,7.0,7.0
698,b1300,11.0,6.157303370786518
699,b0037,16.0,5.971223021582732
700,b3073,13.0,6.532608695652174
701,b1297,7.0,6.338983050847457
702,b0365,10.0,6.466666666666668
703,b0366,9.0,7.054054054054054
704,b1298,8.0,6.569620253164557
705,b1301,9.0,6.306666666666668
706,b1126,8.0,7.012987012987013
707,b1302,11.0,6.545454545454546
708,b1123,7.0,6.466666666666668
709,b1488,7.0,6.586206896551722
710,b1286,16.0,6.846774193548387
711,b3780,9.0,6.4714285714285715
712,b1652,5.0,7.1739130434782625
713,b2567,7.0,7.456140350877192
714,b1804,9.0,6.409836065573771
715,b1084,12.0,5.988095238095237
716,b3704,4.0,7.137931034482759
717,b3643,7.0,6.8076923076923075
718,b3164,17.0,6.53125
719,b2268,10.0,6.985915492957746
720,b4260,14.0,6.669642857142858
721,b0237,13.0,6.59
722,b0932,24.0,6.625698324022348
723,b2523,11.0,5.974025974025973
724,b2168,12.0,6.586956521739131
725,b3919,6.0,6.512195121951219
726,b2097,9.0,6.8125
727,b4025,13.0,6.515384615384615
728,b2926,11.0,6.146341463414633
729,b0755,6.0,6.840909090909091
730,b2779,6.0,6.340909090909091
731,b1854,10.0,5.911392405063293
732,b1676,10.0,5.9523809523809526
733,b1779,12.0,6.316326530612245
734,b4395,5.0,7.204081632653061
735,b0767,13.0,6.87
736,b3956,17.0,6.75
737,b0726,18.0,6.346666666666668
738,b0727,6.0,6.72
739,b0728,9.0,6.845238095238094
740,b0729,10.0,6.845070422535211
741,b0720,12.0,6.613636363636362
742,b2210,8.0,6.5
743,b1136,8.0,6.349206349206349
744,b1276,17.0,6.144
745,b1612,11.0,6.094594594594594
746,b4122,11.0,6.211267605633802
747,b1611,9.0,6.242857142857143
748,b4154,14.0,6.513761467889907
749,b4153,7.0,6.791666666666668
750,b4079,17.0,6.5
751,b0356,11.0,6.736363636363636
752,b1380,13.0,6.360824742268043
753,b1241,25.0,6.149732620320855
754,b2724,4.0,6.170731707317072
755,b2721,14.0,6.616071428571429
756,b2719,8.0,6.91044776119403
757,b3061,8.0,7.0344827586206895
758,b3062,6.0,6.883720930232557
759,b3605,6.0,6.918032786885246
760,b2284,7.0,6.333333333333332
761,b2232,4.0,7.333333333333332
762,b3426,13.0,6.408602150537634
763,b0972,8.0,6.756756756756758
764,b0973,13.0,6.889763779527558
765,b1109,14.0,6.22
766,b2895,7.0,7.244897959183674
767,b3479,7.0,6.2592592592592595
768,b3480,9.0,6.634146341463414
769,b2287,8.0,6.341176470588236
770,b2286,16.0,6.671428571428572
771,b2285,2.0,6.72
772,b2907,11.0,6.207792207792207
773,b2283,18.0,6.117117117117117
774,b3833,7.0,6.883333333333334
775,b2281,3.0,6.653061224489796
776,b2311,7.0,6.6521739130434785
777,b3835,15.0,6.8533333333333335
778,b3453,5.0,5.918918918918918
779,b3450,9.0,6.8428571428571425
780,b1474,16.0,6.206349206349207
781,b2261,5.0,6.7948717948717965
782,b4070,3.0,6.7333333333333325
783,b2579,6.0,6.476190476190476
784,b3425,3.0,6.45
785,b2997,10.0,6.833333333333332
786,b3951,14.0,5.767857142857142
787,b3952,9.0,6.6538461538461515
788,b1224,19.0,5.993197278911564
789,b2481,6.0,5.586956521739131
790,b1225,9.0,6.396825396825397
791,b1226,7.0,7.655737704918032
792,b1478,9.0,6.342105263157895
793,b1466,4.0,7.09375
794,b0902,6.0,6.2075471698113205
795,b1467,10.0,6.338461538461537
796,b1468,20.0,6.083916083916082
797,b2202,3.0,7.363636363636362
798,b2203,2.0,7.518518518518517
799,b2204,8.0,7.4
800,b2205,4.0,6.518518518518517
801,b2994,20.0,6.795321637426901
802,b2206,19.0,6.635761589403972
803,b3365,20.0,6.472972972972973
804,b3894,20.0,6.138686131386862
805,b3366,2.0,7.3076923076923075
806,b1872,16.0,6.461538461538463
807,b1873,7.0,6.627118644067798
808,b2262,8.0,7.174603174603175
809,b0997,0.0,0.0
810,b2260,1.0,5.0
811,b2264,6.0,5.0
812,b2265,3.0,5.0
813,b2487,0.0,0.0
814,b2488,1.0,5.0
815,b2489,9.0,7.026666666666666
816,b4071,1.0,5.947368421052633
817,b1851,10.0,6.658823529411764
818,b2374,10.0,6.746478873239437
819,b1587,13.0,7.090909090909091
820,b1588,14.0,6.154639175257733
821,b1589,3.0,7.357142857142858
822,b1590,10.0,7.270408163265308
823,b4226,6.0,6.6097560975609735
824,b3725,8.0,6.833333333333332
825,b3779,15.0,6.541353383458648
826,b2502,11.0,5.947368421052633
827,b0936,11.0,6.919540229885057
828,b2501,22.0,6.491124260355028
829,b4094,6.0,6.838709677419355
830,b0383,7.0,6.739130434782608
831,b3728,9.0,7.589473684210527
832,b3608,6.0,6.9818181818181815
833,b3821,11.0,6.704545454545454
834,b3825,10.0,6.939024390243902
835,b0980,10.0,6.571428571428571
836,b2810,8.0,5.916666666666668
837,b2811,4.0,7.40625
838,b1679,4.0,7.512195121951219
839,b2529,2.0,5.7368421052631575
840,b1680,10.0,6.1688311688311686
841,b1681,11.0,6.64367816091954
842,b1682,5.0,7.833333333333332
843,b1683,14.0,6.427083333333332
844,b0935,10.0,5.9714285714285715
845,b0937,8.0,5.867924528301888
846,b2521,8.0,6.814814814814817
847,b3917,10.0,7.0131578947368425
848,b2422,10.0,7.023255813953488
849,b0933,6.0,7.166666666666668
850,b2750,6.0,7.0555555555555545
851,b2752,6.0,7.02
852,b4214,8.0,7.180327868852459
853,b2762,6.0,6.6111111111111125
854,b2763,11.0,6.575
855,b2764,15.0,5.886792452830187
856,b1919,11.0,6.51948051948052
857,b2751,12.0,6.783505154639175
858,b2425,11.0,6.4945054945054945
859,b1684,3.0,6.55
860,b3870,9.0,6.4477611940298525
861,b0505,7.0,7.145833333333332
862,b0512,8.0,6.476190476190476
863,b3212,28.0,5.830985915492956
864,b3213,7.0,6.711538461538463
865,b0516,8.0,6.746031746031746
866,b0340,6.0,6.836363636363636
867,b1539,8.0,6.836065573770492
868,b0339,5.0,7.25
869,b0517,7.0,6.7384615384615385
870,b1007,7.0,6.968253968253968
871,b1008,5.0,7.487179487179486
872,b1009,6.0,7.333333333333332
873,b1010,7.0,7.283333333333332
874,b1011,6.0,7.985714285714287
875,b3202,8.0,6.142857142857142
876,b1012,9.0,6.340909090909091
877,b1444,8.0,6.6923076923076925
878,b0630,5.0,7.020408163265308
879,b4386,12.0,6.4875
880,b1090,9.0,6.830985915492956
881,b3059,7.0,7.414414414414415
882,b0789,11.0,7.0103092783505145
883,b2197,4.0,7.886363636363638
884,b2201,7.0,6.729166666666668
885,b2582,3.0,6.666666666666668
886,b1654,3.0,7.238095238095237
887,b1064,7.0,6.74468085106383
888,b3781,2.0,6.8
889,b3610,2.0,5.9230769230769225
890,b0849,3.0,6.9
891,b3255,5.0,6.741935483870968
892,b0404,8.0,6.2444444444444445
893,b0617,2.0,6.875
894,b1094,2.0,5.928571428571429
895,b2051,6.0,7.122448979591836
896,b2045,13.0,6.373737373737375
897,b3198,7.0,6.75
898,b2034,12.0,6.9140625
899,b1215,9.0,6.952941176470588
900,b0918,11.0,6.623529411764705
901,b2708,12.0,6.526315789473684
902,b0222,6.0,6.717391304347826
903,b0200,5.0,6.787878787878787
904,b3052,10.0,6.0
905,b3546,14.0,6.958974358974358
906,b3197,11.0,6.5125
907,b3619,10.0,7.148936170212767
908,b0622,7.0,7.051948051948052
909,b2254,8.0,7.555555555555554
910,b2255,20.0,6.563291139240508
911,b2257,21.0,6.8881578947368425
912,b2253,9.0,7.226190476190476
913,b0174,6.0,7.821428571428571
914,b3429,14.0,6.776223776223778
915,b3432,17.0,6.55
916,b3430,11.0,6.396039603960396
917,b3028,6.0,6.56140350877193
918,b2996,8.0,6.756756756756758
919,b0684,5.0,6.9230769230769225
920,b1591,9.0,6.875
921,b3844,9.0,6.645161290322582
922,b2711,12.0,5.756410256410256
923,b2710,14.0,6.605263157894738
924,b4374,8.0,6.783333333333332
925,b2866,17.0,6.1739130434782625
926,b2867,10.0,6.4477611940298525
927,b2868,5.0,6.512820512820514
928,b2765,5.0,6.764705882352941
929,b3996,7.0,6.4038461538461515
930,b1131,9.0,6.695121951219512
931,b4177,10.0,6.482352941176472
932,b2476,5.0,6.8108108108108105
933,b4005,9.0,6.537313432835821
934,b0523,6.0,7.38
935,b2312,14.0,6.813725490196076
936,b4006,12.0,6.546391752577318
937,b0522,11.0,6.516483516483516
938,b2507,12.0,6.46
939,b2557,18.0,6.224299065420562
940,b2508,6.0,6.0
941,b2499,12.0,6.640776699029126
942,b2500,8.0,7.305555555555554
943,b1849,10.0,6.534653465346534
944,b0323,10.0,6.963414634146342
945,b2291,5.0,6.487804878048781
946,b0032,13.0,6.593406593406592
947,b0033,18.0,5.966942148760331
948,b1062,9.0,6.042857142857143
949,b3642,7.0,6.852459016393442
950,b1281,7.0,7.384615384615384
951,b4244,2.0,7.235294117647059
952,b3648,7.0,6.803921568627452
953,b1207,8.0,6.9
954,b2518,7.0,7.148936170212767
955,b0474,5.0,6.75
956,b0104,11.0,6.815789473684211
957,b1232,12.0,6.685714285714287
958,b0910,8.0,6.454545454545454
959,b4245,11.0,7.467391304347826
960,b2780,13.0,6.118181818181817
961,b0774,11.0,6.093023255813954
962,b0775,10.0,6.62962962962963
963,b0777,6.0,7.043478260869565
964,b0778,4.0,6.775862068965517
965,b0776,8.0,6.6805555555555545
966,b3412,9.0,6.532467532467532
967,b3551,15.0,6.466101694915254
968,b2688,6.0,6.0
969,b2947,12.0,6.62962962962963
970,b2747,6.0,6.8604651162790695
971,b3187,13.0,6.958333333333332
972,b0420,13.0,6.5769230769230775
973,b3843,8.0,6.216216216216216
974,b0029,9.0,6.6438356164383565
975,b0662,8.0,6.5606060606060606
976,b4039,5.0,6.848484848484849
977,b2746,4.0,7.448275862068965
978,b2263,8.0,7.202898550724638
979,b2515,10.0,6.530612244897959
980,b1208,9.0,6.585714285714285
981,b0173,11.0,6.588235294117648
982,b0421,6.0,6.906976744186046
983,b2889,3.0,7.115384615384616
984,b3867,10.0,6.12987012987013
985,b3997,11.0,6.151898734177215
986,b2400,9.0,5.857142857142858
987,b1858,9.0,6.229508196721313
988,b1210,9.0,5.988095238095237
989,b0369,7.0,6.9038461538461515
990,b3368,13.0,6.3076923076923075
991,b3805,7.0,7.295454545454546
992,b3804,8.0,6.7
993,b2436,9.0,6.655172413793102
994,b0475,10.0,6.2368421052631575
995,b0154,10.0,6.527027027027027
996,b3850,7.0,7.254545454545455
997,b0638,5.0,7.413793103448278
998,b1709,7.0,7.03921568627451
999,b1270,5.0,7.909090909090909
1000,b1993,5.0,5.807017543859649
1001,b1992,9.0,5.5057471264367805
1002,b1991,4.0,5.0
1003,b0596,4.0,5.7142857142857135
1004,b0593,5.0,5.25
1005,b0048,4.0,5.291666666666667
1006,b3360,2.0,5.230769230769232
1007,b1812,4.0,5.0
1008,b2315,4.0,5.0
1009,b0529,7.0,5.6491228070175445
1010,b3058,2.0,5.6
1011,b1865,3.0,5.809523809523809
1012,b1096,5.0,5.290322580645161
1013,b3177,4.0,5.9411764705882355
1014,b1606,3.0,5.44
1015,b0142,3.0,5.61904761904762
1016,b2153,5.0,5.3
1017,b0628,2.0,5.764705882352941
1018,b3857,3.0,5.1
1019,b0781,6.0,5.395833333333332
1020,b0763,7.0,5.121951219512195
1021,b0784,2.0,5.61904761904762
1022,b0785,3.0,6.739130434782608
1023,b2877,5.0,5.975
1024,b0009,5.0,5.6111111111111125
1025,b0765,8.0,6.633333333333334
1026,b0827,5.0,5.0
1027,b0826,8.0,6.363636363636362
1028,b0783,4.0,7.0
1029,b0134,10.0,6.651162790697675
1030,b3634,6.0,6.918367346938775
1031,b0425,11.0,6.979381443298969
1032,b3974,9.0,7.252747252747253
1033,b0133,9.0,7.12
1034,b0131,4.0,7.0
1035,b0103,7.0,6.413793103448278
1036,b3639,9.0,6.575757575757576
1037,b1638,6.0,7.190476190476191
1038,b0052,10.0,7.064516129032258
1039,b2564,7.0,6.517857142857142
1040,b2927,13.0,6.675925925925926
1041,b2320,10.0,7.080459770114943
1042,b1768,4.0,7.622641509433963
1043,b0639,8.0,7.1940298507462686
1044,b0750,9.0,6.571428571428571
1045,b2574,11.0,6.677083333333332
1046,b0109,8.0,6.903225806451613
1047,b1740,10.0,6.866666666666666
1048,b0931,8.0,6.419354838709677
1049,b2615,11.0,6.7176470588235295
1050,b4390,11.0,6.681818181818183
1051,b0066,10.0,6.473684210526316
1052,b0068,6.0,7.108695652173912
1053,b0417,12.0,6.3444444444444414
1054,b1134,3.0,7.0625
1055,b2104,8.0,6.6571428571428575
1056,b3994,6.0,5.54
1057,b3993,7.0,7.203389830508474
1058,b0423,14.0,6.184466019417478
1059,b3992,9.0,6.217391304347826
1060,b3991,9.0,6.698630136986301
1061,b3990,9.0,6.858974358974358
1062,b2103,5.0,7.095238095238094
1063,b0446,10.0,6.9431818181818175
1064,b4407,2.0,7.4
1065,b1106,8.0,6.553571428571429
1066,b3041,4.0,8.035714285714286
1067,b0025,8.0,7.0
1068,b1662,8.0,6.27027027027027
1069,b0414,10.0,6.723684210526316
1070,b0415,5.0,7.3888888888888875
1071,b1277,7.0,6.591836734693878
1072,b1661,11.0,6.638297872340425
1073,b2563,4.0,7.375
1074,b2316,8.0,6.3125
1075,b0185,5.0,6.7894736842105265
1076,b1092,6.0,6.711538461538463
1077,b1093,7.0,6.181818181818183
1078,b3918,8.0,6.96
1079,b3475,8.0,6.482142857142858
1080,b1095,3.0,5.545454545454546
1081,b0180,6.0,7.446808510638298
1082,b0954,5.0,7.0681818181818175
1083,b2323,2.0,5.384615384615384
1084,b3256,0.0,0.0
1085,b1091,10.0,6.336956521739131
1086,b1288,9.0,5.953125
1087,b0863,6.0,6.16326530612245
1088,b0811,7.0,7.03030303030303
1089,b0809,5.0,7.203703703703702
1090,b0908,2.0,5.0
1091,b3389,12.0,6.2346938775510194
1092,b2329,4.0,5.0
1093,b1693,8.0,7.383333333333334
1094,b1692,6.0,5.6
1095,b3281,4.0,5.185185185185184
1096,b2601,1.0,5.0
1097,b3390,2.0,5.833333333333332
1098,b0388,4.0,5.580645161290324
1099,b3433,9.0,5.426229508196722
1100,b4024,6.0,5.0
1101,b0002,5.0,5.0
1102,b3940,9.0,5.0
1103,b3959,7.0,5.369565217391305
1104,b3958,8.0,5.413793103448278
1105,b3359,2.0,5.0
1106,b0273,3.0,5.227272727272728
1107,b3172,1.0,5.0
1108,b4254,4.0,5.333333333333333
1109,b2310,3.0,5.3
1110,b0864,3.0,5.64
1111,b0860,1.0,5.666666666666668
1112,b2818,4.0,5.0
1113,b3957,1.0,5.0
1114,b3960,3.0,5.0
1115,b0243,6.0,5.0
1116,b0242,2.0,5.0
1117,b0386,6.0,5.409090909090909
1118,b2677,4.0,5.0
1119,b0652,5.0,5.7333333333333325
1120,b4139,0.0,0.0
1121,b2478,6.0,5.659090909090909
1122,b0166,7.0,5.8235294117647065
1123,b2472,6.0,5.536585365853658
1124,b3809,6.0,5.468085106382978
1125,b2838,4.0,5.0
1126,b0003,2.0,5.636363636363638
1127,b0004,4.0,5.0
1128,b0261,3.0,5.318181818181818
1129,b4013,4.0,5.0
1130,b3008,0.0,0.0
1131,b3829,5.0,5.0
1132,b4019,0.0,0.0
1133,b0655,3.0,5.518518518518518
1134,b1761,3.0,5.0
1135,b0870,5.0,5.4444444444444455
1136,b2913,6.0,5.0
1137,b4388,4.0,5.285714285714286
1138,b0907,3.0,5.0
1139,b3607,7.0,5.227272727272728
1140,b2414,5.0,5.242424242424242
1141,b2421,6.0,5.45945945945946
1142,b0754,4.0,5.48
1143,b2599,8.0,5.316666666666666
1144,b2600,6.0,5.405405405405406
1145,b4054,1.0,5.0
1146,b1704,2.0,5.0
1147,b1260,4.0,5.533333333333332
1148,b1261,2.0,5.0
1149,b1262,0.0,0.0
1150,b1263,5.0,5.0
1151,b1264,3.0,5.0
1152,b2024,4.0,5.3125
1153,b2022,5.0,5.206896551724138
1154,b2021,4.0,5.482758620689657
1155,b2020,3.0,5.0
1156,b2025,4.0,5.333333333333333
1157,b2019,2.0,5.5
1158,b2023,2.0,6.1764705882352935
1159,b2026,6.0,5.682926829268293
1160,b2309,1.0,5.307692307692308
1161,b2379,3.0,5.0
1162,b2290,4.0,5.0
1163,b3770,3.0,5.0
1164,b3572,6.0,5.0
1165,b4053,9.0,5.526315789473684
1166,b3460,3.0,5.0
1167,b3772,5.0,5.0
1168,b3671,4.0,5.0
1169,b3774,0.0,0.0
1170,b3771,3.0,5.0
1171,b0078,6.0,5.470588235294118
1172,b0077,8.0,5.0
1173,b3670,3.0,5.454545454545454
1174,b0074,3.0,5.0
1175,b0071,2.0,5.411764705882354
1176,b0072,2.0,5.0
1177,b0073,6.0,5.125
1178,b3458,5.0,5.0
1179,b1702,6.0,5.0
1180,b4232,7.0,5.4444444444444455
1181,b3403,4.0,5.0
1182,b0766,4.0,5.586206896551722
1183,b2930,3.0,5.294117647058823
1184,b2463,6.0,5.0
1185,b3925,6.0,5.512820512820514
1186,b2883,5.0,5.0
1187,b3447,4.0,5.0
1188,b1479,5.0,5.0
1189,b0677,5.0,5.0
1190,b0678,4.0,5.285714285714286
1191,b3222,5.0,5.416666666666668
1192,b3223,6.0,5.282051282051282
1193,b3225,7.0,5.2727272727272725
1194,b2937,4.0,5.521739130434782
1195,b2965,4.0,5.0
1196,b0120,6.0,5.170212765957447
1197,b1584,4.0,5.212121212121212
1198,b0121,7.0,5.578125
1199,b0693,6.0,5.0
1200,b2988,5.0,5.0
1201,b2938,7.0,5.0
1202,b0099,3.0,5.368421052631579
1203,b4238,0.0,0.0
1204,b2827,6.0,5.333333333333333
1205,b3941,5.0,5.433333333333334
1206,b0312,4.0,5.0
1207,b0585,3.0,5.0
1208,b2527,0.0,0.0
1209,b2528,1.0,5.285714285714286
1210,b1102,3.0,5.0
1211,b3807,2.0,5.571428571428571
1212,b4015,0.0,0.0
1213,b4014,6.0,5.0
1214,b2942,4.0,5.0
1215,b0507,5.0,5.0
1216,b0036,6.0,5.222222222222221
1217,b0038,4.0,5.0
1218,b0963,5.0,5.333333333333333
1219,b0212,5.0,5.512820512820514
1220,b1651,3.0,5.761904761904763
1221,b1781,4.0,5.233333333333333
1222,b4467,3.0,5.0
1223,b4468,4.0,5.5
1224,b2979,4.0,5.628571428571429
1225,b2418,7.0,5.440677966101696
1226,b1636,6.0,5.588235294117646
1227,b2464,5.0,5.476190476190476
1228,b0008,6.0,5.48
1229,b3115,4.0,5.4444444444444455
1230,b2661,3.0,5.0
1231,b2662,2.0,5.0
1232,b0469,4.0,5.32258064516129
1233,b3856,4.0,5.291666666666667
1234,b2162,6.0,5.521739130434782
1235,b2675,6.0,5.0
1236,b3650,6.0,5.0
1237,b4213,10.0,5.333333333333333
1238,b4237,2.0,5.7368421052631575
1239,b0477,4.0,5.0
1240,b2407,5.0,5.372093023255813
1241,b0171,2.0,5.478260869565218
1242,b3640,5.0,5.634146341463414
1243,b0651,9.0,5.413793103448278
1244,b2676,5.0,5.0
1245,b1623,6.0,5.454545454545454
1246,b2066,3.0,5.538461538461538
1247,b0030,5.0,5.529411764705882
1248,b4382,2.0,5.785714285714287
1249,b0238,7.0,7.339622641509434
1250,b4383,9.0,6.564102564102564
1251,b4381,7.0,6.56140350877193
1252,b0411,7.0,6.8375
1253,b1238,8.0,6.80327868852459
1254,b2143,4.0,7.170731707317072
1255,b2234,19.0,6.520833333333332
1256,b1982,16.0,6.415929203539823
1257,b0160,9.0,6.275
1258,b2235,12.0,6.3392857142857135
1259,b1098,6.0,7.288461538461537
1260,b0337,9.0,6.189655172413793
1261,b4055,6.0,6.9787234042553195
1262,b3831,9.0,6.563380281690142
1263,b0159,8.0,6.157894736842105
1264,b2065,6.0,6.604651162790698
1265,b0125,8.0,7.138461538461539
1266,b2498,8.0,6.813559322033898
1267,b0049,10.0,6.567164179104477
1268,b1119,10.0,6.825
1269,b2428,12.0,6.835051546391753
1270,b1640,10.0,6.183098591549296
1271,b1107,9.0,6.53225806451613
1272,b3945,8.0,6.589041095890411
1273,b3926,14.0,5.878787878787879
1274,b2239,6.0,6.688888888888887
1275,b3449,3.0,7.28
1276,b3437,6.0,7.882352941176473
1277,b1197,9.0,6.8133333333333335
1278,b1002,9.0,6.662337662337662
1279,b1896,11.0,6.2375
1280,b1897,8.0,6.523076923076923
1281,b2919,9.0,7.533333333333332
1282,b2920,15.0,6.547008547008548
1283,b0126,4.0,7.294117647058822
1284,b0615,15.0,6.42741935483871
1285,b0616,8.0,6.456140350877192
1286,b1519,6.0,6.946428571428571
1287,b2917,19.0,6.333333333333332
1288,b2552,12.0,6.613207547169813
1289,b0508,6.0,6.875
1290,b3924,6.0,7.3
1291,b0578,7.0,7.2615384615384615
1292,b3581,7.0,6.452830188679246
1293,b1325,7.0,6.810344827586207
1294,b2303,5.0,6.9444444444444455
1295,b2874,8.0,6.879518072289157
1296,b0888,12.0,6.329268292682928
1297,b4198,8.0,6.490909090909091
1298,b4301,7.0,6.62
1299,b4197,4.0,7.2
1300,b2738,3.0,5.636363636363638
1301,b0480,0.0,0.0
1302,b3962,3.0,5.0
1303,b0573,4.0,5.529411764705882
1304,b2682,9.0,5.457831325301205
1305,b2683,5.0,5.621212121212121
1306,b4311,5.0,5.5
1307,b0155,12.0,5.0
1308,b1592,0.0,0.0
1309,b3035,2.0,5.0
1310,b0584,3.0,5.0
1311,b4291,7.0,5.0
1312,b4036,2.0,5.0
1313,b1319,2.0,5.57894736842105
1314,b0150,6.0,5.0
1315,b3966,4.0,5.0
1316,b0805,3.0,5.0
1317,b1377,5.0,5.393939393939394
1318,b3875,4.0,5.59375
1319,b0241,5.0,5.512195121951219
1320,b2215,3.0,5.0
1321,b0929,6.0,5.0
1322,b4287,4.0,5.230769230769232
1323,b3201,6.0,5.608695652173912
1324,b0199,6.0,5.0
1325,b0588,1.0,5.0
1326,b0151,5.0,5.40625
1327,b4485,5.0,5.0
1328,b1483,6.0,5.4444444444444455
1329,b1484,7.0,5.391304347826088
1330,b2129,3.0,5.590909090909091
1331,b1441,8.0,5.358490566037736
1332,b0829,11.0,5.4556962025316444
1333,b4261,12.0,5.37719298245614
1334,b3200,2.0,5.6923076923076925
1335,b0592,6.0,5.361111111111111
1336,b0158,2.0,5.9230769230769225
1337,b4290,6.0,5.465517241379311
1338,b0152,6.0,5.275
1339,b4227,5.0,5.170731707317073
1340,b0197,6.0,5.586956521739131
1341,b4034,4.0,5.0
1342,b1487,3.0,5.0
1343,b1857,4.0,5.045454545454546
1344,b3476,3.0,5.0
1345,b2131,3.0,5.523809523809524
1346,b1440,2.0,5.0
1347,b0830,0.0,0.0
1348,b4513,1.0,7.4
1349,b3714,16.0,6.420814479638009
1350,b3579,5.0,7.042857142857143
1351,b1533,12.0,7.900943396226416
1352,b2923,8.0,7.641221374045801
1353,b3005,4.0,7.529411764705883
1354,b4194,3.0,6.65625
1355,b4195,5.0,7.617021276595745
1356,b4193,15.0,7.10828025477707
1357,b0574,9.0,6.605633802816901
1358,b4367,10.0,7.0842105263157915
1359,b3040,10.0,7.4423076923076925
1360,b2155,13.0,6.4
1361,b2578,8.0,6.6953125
1362,b2223,13.0,7.2444444444444445
1363,b0308,7.0,7.185714285714287
1364,b2835,15.0,6.732718894009216
1365,b2558,9.0,6.222222222222222
1366,b0831,13.0,7.443820224719101
1367,b2741,8.0,6.806451612903228
1368,b4171,9.0,6.614285714285713
1369,b4293,6.0,6.6923076923076925
1370,b1114,19.0,5.8984375
1371,b3166,5.0,7.342105263157895
1372,b4375,15.0,6.897637795275591
1373,b1493,11.0,6.367088607594937
1374,b0015,6.0,6.317073170731707
1375,b4143,11.0,6.4642857142857135
1376,b3167,5.0,7.736842105263157
1377,b3247,11.0,6.512195121951219
1378,b3908,4.0,6.913043478260869
1379,b1211,6.0,5.7368421052631575
1380,b4142,4.0,6.655172413793102
1381,b1876,10.0,6.7397260273972615
1382,b1656,7.0,6.229508196721313
1383,b0014,13.0,6.731958762886598
1384,b0618,10.0,6.867256637168143
1385,b2891,3.0,5.722222222222222
1386,b0051,9.0,6.6585365853658525
1387,b3783,9.0,7.2361111111111125
1388,b2514,10.0,6.82051282051282
1389,b2573,8.0,6.5396825396825395
1390,b2318,10.0,6.6
1391,b4258,9.0,5.0
1392,b3406,3.0,6.6521739130434785
1393,b0172,3.0,6.904761904761906
1394,b0680,5.0,5.303030303030303
1395,b1133,9.0,6.45
1396,b0642,8.0,5.0
1397,b0194,9.0,5.931034482758621
1398,b2183,5.0,7.0
1399,b2411,7.0,5.333333333333333
1400,b1822,9.0,6.293103448275862
1401,b3965,9.0,6.462686567164179
1402,b2526,9.0,5.636363636363638
1403,b3288,7.0,7.03225806451613
1404,b3517,10.0,6.297297297297297
1405,b4117,4.0,5.0
1406,b2533,10.0,6.878048780487805
1407,b3806,8.0,5.0
1408,b1714,7.0,5.7659574468085095
1409,b1713,9.0,5.0
1410,b3560,9.0,6.891891891891893
1411,b2890,2.0,5.0
1412,b3384,9.0,6.82051282051282
1413,b4129,2.0,5.0
1414,b3559,3.0,5.0
1415,b4131,4.0,5.0
1416,b3500,4.0,5.0
1417,b1086,5.0,5.870967741935482
1418,b0170,3.0,5.4
1419,b3181,3.0,5.227272727272728
1420,b2697,6.0,5.0
1421,b0930,11.0,6.4125
1422,b2207,4.0,7.3888888888888875
1423,b2614,1.0,5.0
1424,b3470,0.0,0.0
1425,b1866,3.0,5.0
1426,b3339,10.0,7.045977011494252
1427,b3980,8.0,6.776119402985074
1428,b0406,7.0,5.892857142857142
1429,b3706,2.0,5.0
1430,b3169,1.0,5.0
1431,b3295,2.0,5.8
1432,b0416,2.0,5.352941176470588
1433,b3987,0.0,0.0
1434,b3982,3.0,5.681818181818183
1435,b3988,0.0,0.0
1436,b0026,4.0,5.0
1437,b1719,3.0,5.391304347826088
1438,b1637,4.0,5.0
1439,b3067,3.0,5.0
1440,b3461,3.0,5.518518518518518
1441,b0436,2.0,5.0
1442,b3591,1.0,5.0
1443,b3649,1.0,5.0
1444,b0405,4.0,5.0
1445,b3289,2.0,5.0
1446,b3590,2.0,5.0
1447,b2480,3.0,5.0
1448,b3340,7.0,5.0
1449,b1764,4.0,5.0769230769230775
1450,b0884,2.0,5.5
1451,b2594,4.0,6.103448275862068
1452,b3168,5.0,5.0
1453,b2114,4.0,5.0
1454,b1718,2.0,5.0
1455,b0893,0.0,0.0
1456,b0526,4.0,5.0
1457,b0998,2.0,5.136363636363637
1458,b1732,4.0,5.0
1459,b1646,2.0,5.571428571428571
1460,b0839,4.0,5.0
1461,b2893,6.0,5.358490566037736
1462,b0494,4.0,5.321428571428571
1463,b1308,1.0,5.666666666666668
1464,b0604,4.0,5.24
1465,b1185,8.0,5.470588235294118
1466,b3265,7.0,5.0
1467,G0-10525,,
1468,G0-10528,,
1469,G0-10529,,
1470,G0-10530,,
1471,G0-10531,,
1472,G0-10535,,
1473,G0-10536,,
1474,G0-10538,,
1475,G0-10541,,
1476,G0-10542,,
1477,G0-10543,,
1478,G0-10546,,
1479,b1759,1.0,5.285714285714286
1480,b2954,3.0,5.0
1481,b3385,4.0,5.48
1482,b0650,3.0,5.0
1483,b2946,3.0,5.476190476190476
1484,b2745,5.0,5.628571428571429
1485,b3740,4.0,5.483870967741934
1486,b3282,1.0,5.666666666666668
1487,b3651,3.0,5.476190476190476
1488,b2794,3.0,5.476190476190476
1489,b2960,1.0,5.666666666666668
1490,b0967,5.0,5.3888888888888875
1491,b3343,1.0,5.6
1492,b2575,4.0,5.357142857142857
1493,b3344,4.0,5.5
1494,b3146,3.0,5.4375
1495,b3345,2.0,5.642857142857142
1496,b1135,3.0,5.57894736842105
1497,b2607,3.0,5.0
1498,b1835,2.0,5.0
1499,b2806,4.0,5.3888888888888875
1500,b4180,7.0,5.6521739130434785
1501,b3260,1.0,5.571428571428571
1502,b3465,3.0,5.222222222222221
1503,b2530,3.0,5.571428571428571
1504,b2324,9.0,5.306451612903227
1505,b0807,5.0,5.4411764705882355
1506,b0859,4.0,5.607142857142856
1507,b2532,6.0,5.229166666666667
1508,b3179,5.0,5.4375
1509,b0444,4.0,5.54054054054054
1510,b4022,3.0,5.75
1511,b2785,2.0,5.0
1512,b0661,3.0,5.0
1513,b0082,3.0,5.65
1514,b1269,5.0,5.129032258064517
1515,b4049,2.0,5.571428571428571
1516,b2474,4.0,5.0
1517,b0058,3.0,5.6521739130434785
1518,b2517,4.0,5.5
1519,b2559,1.0,5.7272727272727275
1520,b0948,4.0,5.0
1521,b2140,2.0,5.6
1522,b3084,3.0,5.0
1523,b0188,3.0,5.0
1524,b0969,1.0,5.666666666666668
1525,b0636,3.0,5.470588235294118
1526,b4371,4.0,5.083333333333333
1527,b3741,6.0,5.386363636363637
1528,b2791,2.0,5.0
1529,b4162,1.0,5.142857142857143
1530,b0613,4.0,5.551724137931035
1531,b2490,4.0,5.621621621621622
1532,b0614,1.0,5.875
1533,b3287,3.0,5.25
1534,b0168,4.0,5.5555555555555545
1535,b4219,2.0,5.15
1536,b1778,2.0,5.416666666666668
1537,b2744,5.0,5.566666666666666
1538,b3942,3.0,5.0
1539,b3882,4.0,5.379310344827586
1540,b3001,3.0,5.5
1541,b0355,6.0,5.342105263157895
1542,b4394,5.0,5.764705882352941
1543,b2154,3.0,5.142857142857143
1544,b0632,3.0,5.0
1545,b3503,2.0,5.545454545454546
1546,b2912,3.0,5.318181818181818
1547,b2566,8.0,5.47457627118644
1548,b1489,6.0,5.0
1549,b2781,2.0,5.4375
1550,b3029,5.0,5.225806451612904
1551,b1710,4.0,5.620689655172414
1552,b1344,2.0,5.5
1553,b2687,1.0,5.4444444444444455
1554,b0605,5.0,5.294117647058823
1555,b0606,12.0,5.188888888888889
1556,b0812,6.0,5.645833333333333
1557,b2962,2.0,7.3076923076923075
1558,b4209,2.0,5.538461538461538
1559,b3662,14.0,5.6
1560,b3961,9.0,5.181818181818182
1561,b4062,3.0,5.142857142857143
1562,b4063,3.0,6.208333333333333
1563,b0439,11.0,5.122222
